local_ts,breathing_rate,breathing_signal,accel_x,accel_y,accel_z,bs_timestamp,rs_ts,activity_level,current_exercise,pred_exercise
1584104554676,NaN,-0.09687555,0.45629883,-0.84106445,-0.30517578,1584104551947,-6893061135826,0.016991908,7,1
1584104554677,NaN,-0.10795254,0.4560547,-0.8479004,-0.30395508,1584104552027,-6893061135826,0.016991908,7,1
1584104554686,NaN,-0.102443516,0.45507812,-0.8413086,-0.3088379,1584104552107,-6893061135826,0.016991908,7,1
1584104554710,NaN,-0.081321605,0.45703125,-0.8383789,-0.3083496,1584104552187,-6893061135826,0.016991908,7,1
1584104554711,NaN,-0.059081484,0.45776367,-0.8430176,-0.30981445,1584104552267,-6893061135826,0.016991908,7,1
1584104554712,NaN,-0.030054487,0.45385742,-0.8432617,-0.31420898,1584104552347,-6893061135826,0.016991908,7,1
1584104554713,NaN,-0.009805902,0.45263672,-0.84643555,-0.30444336,1584104552427,-6893061135826,0.016991908,7,1
1584104554714,NaN,0.022740385,0.4560547,-0.83813477,-0.30737305,1584104552507,-6893061135826,0.016991908,7,1
1584104554739,NaN,0.053800892,0.4555664,-0.83691406,-0.30908203,1584104552587,-6893061135826,0.016991908,7,1
1584104554740,NaN,0.07339576,0.45361328,-0.84472656,-0.31298828,1584104552667,-6893061135826,0.016991908,7,1
1584104554741,NaN,0.0920375,0.45483398,-0.8395996,-0.31274414,1584104552747,-6893061135826,0.016991908,7,1
1584104554742,NaN,0.114625,0.45043945,-0.8432617,-0.31445312,1584104552827,-6893061135826,0.016991908,7,1
1584104554743,NaN,0.1230695,0.45825195,-0.8432617,-0.31640625,1584104552907,-6893061135826,0.016991908,7,1
1584104554744,NaN,0.13435258,0.4543457,-0.84228516,-0.31152344,1584104552987,-6893061135826,0.016991908,7,1
1584104554745,NaN,0.13346334,0.4519043,-0.83862305,-0.3095703,1584104553067,-6893061135826,0.016991908,7,1
1584104554749,NaN,0.11758486,0.4663086,-0.84375,-0.30664062,1584104553147,-6893061135826,0.016991908,7,1
1584104554751,NaN,0.09135649,0.4650879,-0.8417969,-0.2919922,1584104553227,-6893061135826,0.016991908,7,1
1584104554755,NaN,0.0681169,0.46704102,-0.83862305,-0.3088379,1584104553307,-6893061135826,0.017252987,7,1
1584104554758,NaN,0.045049246,0.46728516,-0.8503418,-0.29467773,1584104553387,-6893061135826,0.018382022,7,1
1584104554761,NaN,0.015991623,0.46606445,-0.84277344,-0.29345703,1584104553467,-6893061135826,0.018382022,7,1
1584104554765,NaN,-0.019496555,0.46777344,-0.84277344,-0.28979492,1584104553547,-6893061135826,0.018382022,7,1
1584104554767,30.0,-0.04563212,0.46557617,-0.8532715,-0.2993164,1584104553627,-6893061135826,0.018382022,7,1
1584104554771,NaN,-0.062249895,0.46411133,-0.8552246,-0.31225586,1584104553707,-6893061135826,0.018382022,7,1
1584104554773,NaN,-0.043726984,0.44506836,-0.8442383,-0.35546875,1584104553787,-6893061135826,0.048483893,7,1
1584104554777,NaN,-0.05303812,0.46899414,-0.87158203,-0.3227539,1584104553867,-6893061135826,0.04889156,7,1
1584104554780,NaN,-0.10840032,0.4736328,-0.88061523,-0.26098633,1584104553947,-6893061135826,0.06259672,7,1
1584104554783,NaN,-0.24013114,0.39379883,-0.8935547,-0.1303711,1584104554027,-6893061135826,0.15362693,7,1
1584104554786,NaN,-0.3890036,0.42749023,-0.95288086,-0.119628906,1584104554107,-6893061135826,0.15362693,7,1
1584104554789,NaN,-0.5413574,0.3955078,-0.9189453,-0.07885742,1584104554187,-6893061135826,0.15362693,7,1
1584104554793,NaN,-0.7227834,0.28979492,-0.90771484,-0.06323242,1584104554267,-6893061135826,0.15362693,7,1
1584104554797,NaN,-0.93564147,0.28686523,-0.97558594,-0.033935547,1584104554347,-6893061135826,0.15362693,7,1
1584104554799,NaN,-1.2265975,0.32885742,-0.9980469,0.048583984,1584104554427,-6893061135826,0.15362693,7,1
1584104557243,NaN,-1.4487547,0.25463867,-0.92578125,-0.024658203,1584104554507,5357292800574,0.15362693,7,1
1584104557248,NaN,-1.8038521,0.19482422,-0.96899414,0.09716797,1584104554587,5357292800574,0.15362693,7,1
1584104557253,NaN,-2.095376,0.14453125,-0.8786621,-0.0146484375,1584104554667,5357292800574,0.15362693,7,1
1584104557261,NaN,-2.537433,0.32470703,-0.9819336,0.099609375,1584104554747,5357292800574,0.23702987,7,1
1584104557265,NaN,-2.9189956,0.29223633,-0.95043945,0.095947266,1584104554827,5357292800574,0.23702987,7,1
1584104557268,NaN,-3.1488552,0.30688477,-0.94555664,0.030517578,1584104554907,5357292800574,0.23702987,7,1
1584104557271,NaN,-3.2085705,0.24243164,-0.9716797,0.052734375,1584104554987,5357292800574,0.23702987,7,1
1584104557274,NaN,-3.229703,0.19042969,-0.920166,0.021972656,1584104555067,5357292800574,0.23702987,7,1
1584104557276,NaN,-3.133839,0.2824707,-1.0339355,-0.038330078,1584104555147,5357292800574,0.23702987,7,1
1584104557280,NaN,-2.981685,0.28100586,-0.9213867,-0.020507812,1584104555227,5357292800574,0.23702987,7,1
1584104557282,NaN,-2.7487109,0.2446289,-0.9753418,-0.059570312,1584104555307,5357292800574,0.23702987,7,1
1584104557285,NaN,-2.3884537,0.21655273,-1.0117188,-0.060791016,1584104555387,5357292800574,0.23702987,7,1
1584104557289,NaN,-2.156738,0.21362305,-0.970459,-0.029785156,1584104555467,5357292800574,0.23702987,7,1
1584104557293,NaN,-1.6817466,0.26513672,-1.0187988,-0.016357422,1584104555547,5357292800574,0.23702987,7,1
1584104557297,NaN,-1.4327669,0.18041992,-0.9729004,0.05078125,1584104555627,5357292800574,0.23702987,7,1
1584104557301,NaN,-1.1099678,0.045898438,-0.98217773,0.103759766,1584104555707,5357292800574,0.23702987,7,1
1584104557306,NaN,-0.7848832,0.15844727,-1.0092773,0.111816406,1584104555787,5357292800574,0.23702987,7,1
1584104557309,NaN,-0.573791,0.1496582,-0.9526367,0.049560547,1584104555867,5357292800574,0.23702987,7,1
1584104557312,NaN,-0.49528632,0.1315918,-1.0239258,0.14672852,1584104555947,5357292800574,0.23702987,7,1
1584104557315,NaN,-0.43884313,0.21118164,-1.0476074,0.18261719,1584104556027,5357292800574,0.23702987,7,1
1584104557318,NaN,-0.59254634,0.1652832,-1.0400391,0.21313477,1584104556107,5357292800574,0.23702987,7,1
1584104557321,NaN,-0.87782127,0.05834961,-0.81762695,0.31054688,1584104556187,5357292800574,0.26531315,7,1
1584104557324,NaN,-1.1533641,0.107666016,-0.8835449,0.23266602,1584104556267,5357292800574,0.26531315,7,1
1584104557328,NaN,-1.508432,0.28051758,-0.87524414,0.35864258,1584104556347,5357292800574,0.26531315,7,1
1584104557331,NaN,-1.7663397,0.1303711,-0.9104004,0.27929688,1584104556427,5357292800574,0.26531315,7,1
1584104557334,NaN,-2.167175,0.19140625,-0.97924805,0.33569336,1584104556507,5357292800574,0.26531315,7,1
1584104557338,NaN,-2.2969735,0.17944336,-0.9562988,0.28295898,1584104556587,5357292800574,0.26531315,7,1
1584104557342,NaN,-2.2844923,0.24536133,-0.90478516,0.27563477,1584104556667,5357292800574,0.26531315,7,1
1584104557345,NaN,-2.297966,0.3359375,-0.9421387,0.265625,1584104556747,5357292800574,0.26531315,7,1
1584104557350,NaN,-2.4034965,0.2783203,-0.9304199,0.31958008,1584104556827,5357292800574,0.26531315,7,1
1584104557355,NaN,-2.3790324,0.32495117,-0.8713379,0.29541016,1584104556907,5357292800574,0.26531315,7,1
1584104557358,NaN,-2.3023186,0.38891602,-0.88549805,0.25805664,1584104556987,5357292800574,0.26531315,7,1
1584104559828,NaN,-2.1151395,0.40966797,-0.8322754,0.28466797,1584104557067,-839378811710,0.26531315,7,1
1584104559834,NaN,-1.6676774,0.43115234,-0.8383789,0.2800293,1584104557147,-839378811710,0.26531315,7,1
1584104559839,NaN,-1.367475,0.40161133,-0.83447266,0.26831055,1584104557227,-839378811710,0.26531315,7,1
1584104559845,NaN,-0.97909373,0.43115234,-0.81933594,0.28100586,1584104557307,-839378811710,0.26531315,7,1
1584104559850,NaN,-0.674031,0.40771484,-0.8376465,0.2944336,1584104557387,-839378811710,0.26531315,7,1
1584104559858,NaN,-0.27882364,0.4736328,-0.8679199,0.27539062,1584104557467,-839378811710,0.26531315,7,1
1584104559862,NaN,-0.0819182,0.4362793,-0.8930664,0.31884766,1584104557547,-839378811710,0.26531315,7,1
1584104559867,NaN,0.04013185,0.47680664,-0.8208008,0.25732422,1584104557627,-839378811710,0.26531315,7,1
1584104559871,NaN,0.12512526,0.3876953,-0.8754883,0.2475586,1584104557707,-839378811710,0.26531315,7,1
1584104559875,NaN,0.34119627,0.3071289,-0.7902832,0.2434082,1584104557787,-839378811710,0.26531315,7,1
1584104559879,NaN,0.43978405,0.23046875,-0.9506836,0.27270508,1584104557867,-839378811710,0.26531315,7,1
1584104559881,NaN,0.41961214,0.21142578,-0.9404297,0.2993164,1584104557947,-839378811710,0.26531315,7,1
1584104559885,NaN,0.41021922,0.30615234,-0.9831543,0.34570312,1584104558027,-839378811710,0.26531315,7,1
1584104559889,NaN,0.20321512,0.2265625,-0.9602051,0.34448242,1584104558107,-839378811710,0.26531315,7,1
1584104559893,NaN,0.08161184,0.16992188,-0.92749023,0.32299805,1584104558187,-839378811710,0.26531315,7,1
1584104559897,NaN,-0.115487516,0.17382812,-0.92211914,0.34716797,1584104558267,-839378811710,0.26531315,7,1
1584104559900,NaN,-0.2505946,0.17578125,-0.9108887,0.34423828,1584104558347,-839378811710,0.26531315,7,1
1584104559904,NaN,-0.49629483,0.14355469,-0.9265137,0.33691406,1584104558427,-839378811710,0.26531315,7,1
1584104559907,12.295082,-0.6205488,0.1315918,-0.91430664,0.33496094,1584104558507,-839378811710,0.26531315,7,1
1584104559910,NaN,-0.830554,0.12670898,-0.92529297,0.3371582,1584104558587,-839378811710,0.26531315,7,1
1584104559913,NaN,-0.9879031,0.14355469,-0.9291992,0.33642578,1584104558667,-839378811710,0.26531315,7,1
1584104559916,NaN,-1.138922,0.13696289,-0.9243164,0.33789062,1584104558747,-839378811710,0.21404827,7,1
1584104559919,NaN,-1.2352736,0.16894531,-0.92407227,0.35180664,1584104558827,-839378811710,0.21404827,7,1
1584104559922,NaN,-1.2350801,0.14477539,-0.92749023,0.34692383,1584104558907,-839378811710,0.18017595,7,1
1584104559926,NaN,-1.2428015,0.17895508,-0.9655762,0.3503418,1584104558987,-839378811710,0.18017595,7,1
1584104559930,NaN,-1.1806365,0.19702148,-0.90527344,0.34057617,1584104559067,-839378811710,0.18017595,7,1
1584104559932,NaN,-1.1099681,0.18408203,-0.91796875,0.3540039,1584104559147,-839378811710,0.18017595,7,1
1584104559936,NaN,-0.9835623,0.20043945,-0.8942871,0.32910156,1584104559227,-839378811710,0.18017595,7,1
1584104559939,NaN,-0.8404266,0.2121582,-0.8869629,0.29370117,1584104559307,-839378811710,0.18017595,7,1
1584104559944,NaN,-0.6277904,0.2548828,-0.93847656,0.30932617,1584104559387,-839378811710,0.18017595,7,1
1584104559947,NaN,-0.47454658,0.23925781,-0.92993164,0.33154297,1584104559467,-839378811710,0.18017595,7,1
1584104559950,NaN,-0.29336038,0.2758789,-0.88500977,0.38208008,1584104559547,-839378811710,0.18017595,7,1
1584104562412,NaN,-0.13788451,0.3095703,-0.8791504,0.39526367,1584104559627,-7035768949018,0.18017595,7,1
1584104562418,NaN,5.87523E-4,0.3178711,-0.8461914,0.36694336,1584104559707,-7035768949018,0.18017595,7,1
1584104562422,NaN,0.11816404,0.3371582,-0.85180664,0.3696289,1584104559787,-7035768949018,0.18017595,7,1
1584104562428,NaN,0.22751807,0.34594727,-0.8190918,0.3466797,1584104559867,-7035768949018,0.18017595,7,1
1584104562433,NaN,0.32835895,0.3798828,-0.8215332,0.33935547,1584104559947,-7035768949018,0.18017595,7,1
1584104562439,NaN,0.4038893,0.40527344,-0.85839844,0.33911133,1584104560027,-7035768949018,0.18017595,7,1
1584104562445,NaN,0.5167152,0.42211914,-0.8708496,0.31884766,1584104560107,-7035768949018,0.18017595,7,1
1584104562449,NaN,0.55956465,0.39770508,-0.8601074,0.32080078,1584104560187,-7035768949018,0.18017595,7,1
1584104562454,NaN,0.56226677,0.39648438,-0.86621094,0.29614258,1584104560267,-7035768949018,0.18017595,7,1
1584104562459,NaN,0.51296365,0.3696289,-0.8688965,0.31298828,1584104560347,-7035768949018,0.18017595,7,1
1584104562463,NaN,0.510689,0.31884766,-0.8952637,0.2919922,1584104560427,-7035768949018,0.113799125,7,1
1584104562467,NaN,0.5274163,0.23120117,-0.875,0.3149414,1584104560507,-7035768949018,0.113799125,7,1
1584104562471,NaN,0.5174939,0.17822266,-0.9042969,0.35058594,1584104560587,-7035768949018,0.09283959,7,1
1584104562475,NaN,0.48587203,0.1887207,-0.9484863,0.34716797,1584104560667,-7035768949018,0.09283959,7,1
1584104562478,NaN,0.4268341,0.20654297,-1.010498,0.3996582,1584104560747,-7035768949018,0.09283959,7,1
1584104562482,NaN,0.3606024,0.068115234,-0.9003906,0.30688477,1584104560827,-7035768949018,0.1997318,7,1
1584104562485,NaN,0.23594914,0.087402344,-0.9133301,0.38720703,1584104560907,-7035768949018,0.1997318,7,1
1584104562489,NaN,0.11087843,0.08911133,-0.88964844,0.35913086,1584104560987,-7035768949018,0.1997318,7,1
1584104562492,NaN,-0.12693542,0.033447266,-0.91625977,0.40551758,1584104561067,-7035768949018,0.1997318,7,1
1584104562495,NaN,-0.32789204,0.07421875,-0.89575195,0.40966797,1584104561147,-7035768949018,0.1997318,7,1
1584104562497,22.058823,-0.53253,0.07104492,-0.8925781,0.3930664,1584104561227,-7035768949018,0.1997318,7,1
1584104562500,NaN,-0.69985837,0.048828125,-0.91796875,0.40307617,1584104561307,-7035768949018,0.1997318,7,1
1584104562502,NaN,-0.8983895,0.068847656,-0.9169922,0.40014648,1584104561387,-7035768949018,0.1997318,7,1
1584104562505,NaN,-1.0301355,0.057617188,-0.91186523,0.3828125,1584104561467,-7035768949018,0.1997318,7,1
1584104562508,NaN,-1.0940856,0.06567383,-0.9194336,0.39086914,1584104561547,-7035768949018,0.1997318,7,1
1584104562512,NaN,-1.1747044,0.07495117,-0.9108887,0.3930664,1584104561627,-7035768949018,0.1997318,7,1
1584104562515,NaN,-1.2157501,0.076171875,-0.90649414,0.38989258,1584104561707,-7035768949018,0.1997318,7,1
1584104562518,NaN,-1.2507088,0.07397461,-0.91137695,0.38891602,1584104561787,-7035768949018,0.1997318,7,1
1584104562521,NaN,-1.1747442,0.08496094,-0.90844727,0.38916016,1584104561867,-7035768949018,0.1997318,7,1
1584104562523,NaN,-1.1309439,0.111328125,-0.9016113,0.41015625,1584104561947,-7035768949018,0.1997318,7,1
1584104562526,NaN,-0.9483076,0.096191406,-0.93408203,0.3881836,1584104562027,-7035768949018,0.1997318,7,1
1584104562529,NaN,-0.7769707,0.12963867,-0.9123535,0.39990234,1584104562107,-7035768949018,0.1997318,7,1
1584104564798,NaN,-0.60846776,0.1027832,-0.89941406,0.39404297,1584104562187,5214584987382,0.1997318,7,1
1584104564804,NaN,-0.4365166,0.115722656,-0.83325195,0.3725586,1584104562267,5214584987382,0.1997318,7,1
1584104564811,NaN,-0.1866316,0.1772461,-0.9284668,0.32104492,1584104562347,5214584987382,0.1997318,7,1
1584104564818,NaN,-0.04109129,0.14770508,-0.982666,0.3840332,1584104562427,5214584987382,0.1997318,7,1
1584104564826,NaN,0.024509171,0.14672852,-0.9291992,0.42919922,1584104562507,5214584987382,0.1997318,7,1
1584104564829,NaN,0.09004471,0.1508789,-0.87475586,0.43823242,1584104562587,5214584987382,0.1997318,7,1
1584104564833,NaN,0.1561739,0.17480469,-0.8815918,0.42797852,1584104562667,5214584987382,0.1997318,7,1
1584104564837,NaN,0.21057247,0.18310547,-0.8354492,0.40893555,1584104562747,5214584987382,0.1997318,7,1
1584104564840,NaN,0.22963186,0.19360352,-0.8532715,0.3955078,1584104562827,5214584987382,0.1997318,7,1
1584104564845,NaN,0.31310108,0.24780273,-0.8901367,0.3876953,1584104562907,5214584987382,0.1997318,7,1
1584104564849,NaN,0.328486,0.24975586,-0.9199219,0.37573242,1584104562987,5214584987382,0.1997318,7,1
1584104564852,NaN,0.35033667,0.2121582,-0.9016113,0.36035156,1584104563067,5214584987382,0.1997318,7,1
1584104564856,NaN,0.379305,0.109375,-0.8508301,0.32373047,1584104563147,5214584987382,0.1997318,7,1
1584104564859,NaN,0.4631083,0.13891602,-0.9301758,0.27246094,1584104563227,5214584987382,0.1997318,7,1
1584104564864,NaN,0.4415765,0.19042969,-1.0891113,0.2758789,1584104563307,5214584987382,0.1997318,7,1
1584104564867,NaN,0.35932252,0.020263672,-0.8820801,0.34155273,1584104563387,5214584987382,0.27591932,7,1
1584104564870,NaN,0.40450975,0.03540039,-0.9538574,0.3269043,1584104563467,5214584987382,0.27591932,7,1
1584104564873,NaN,0.47664604,0.0075683594,-0.9267578,0.32470703,1584104563547,5214584987382,0.27591932,7,1
1584104564876,NaN,0.49339592,0.028320312,-0.92700195,0.3671875,1584104563627,5214584987382,0.27591932,7,1
1584104564881,NaN,0.5107444,-0.008056641,-0.9250488,0.34692383,1584104563707,5214584987382,0.27591932,7,1
1584104564884,NaN,0.51105464,0.039794922,-0.9423828,0.35253906,1584104563787,5214584987382,0.27591932,7,1
1584104564887,NaN,0.4517039,0.057861328,-0.9338379,0.34350586,1584104563867,5214584987382,0.27591932,7,1
1584104564891,NaN,0.3594428,0.035888672,-0.92749023,0.3642578,1584104563947,5214584987382,0.27591932,7,1
1584104564893,NaN,0.29075474,0.045654297,-0.91308594,0.33813477,1584104564027,5214584987382,0.27591932,7,1
1584104564896,NaN,0.23690395,0.048828125,-0.939209,0.35351562,1584104564107,5214584987382,0.27591932,7,1
1584104564900,NaN,0.05146082,0.044677734,-0.92041016,0.3479004,1584104564187,5214584987382,0.27591932,7,1
1584104564904,NaN,-0.16554844,0.03857422,-0.9313965,0.36108398,1584104564267,5214584987382,0.27591932,7,1
1584104564905,NaN,-0.116816275,0.042236328,-0.9304199,0.34423828,1584104564347,5214584987382,0.27591932,7,1
1584104564909,NaN,-0.193555,0.046142578,-0.9194336,0.3544922,1584104564427,5214584987382,0.27591932,7,1
1584104564911,18.292683,-0.26739052,0.036621094,-0.92822266,0.35595703,1584104564507,5214584987382,0.27591932,7,1
1584104564915,NaN,-0.27926347,0.05078125,-0.93896484,0.37182617,1584104564587,5214584987382,0.27591932,7,1
1584104564918,NaN,-0.29930046,0.091308594,-0.9316406,0.37353516,1584104564667,5214584987382,0.27591932,7,1
1584104567381,NaN,-0.30808958,0.10424805,-0.9165039,0.34643555,1584104564747,-982086624902,0.27591932,7,1
1584104567387,NaN,-0.28844213,0.12890625,-0.88012695,0.31201172,1584104564827,-982086624902,0.27591932,7,1
1584104567391,NaN,-0.2128349,0.15991211,-0.9194336,0.3322754,1584104564907,-982086624902,0.27591932,7,1
1584104567396,NaN,-0.16130759,0.16357422,-0.9421387,0.32128906,1584104564987,-982086624902,0.27591932,7,1
1584104567400,NaN,-0.10852709,0.19482422,-0.9941406,0.34375,1584104565067,-982086624902,0.27591932,7,1
1584104567419,NaN,-0.033782445,0.18774414,-0.92944336,0.3737793,1584104565147,-982086624902,0.27591932,7,1
1584104567420,NaN,0.13656276,0.24194336,-0.8930664,0.3330078,1584104565227,-982086624902,0.27591932,7,1
1584104567421,NaN,0.12607028,0.24511719,-0.8742676,0.32861328,1584104565307,-982086624902,0.27591932,7,1
1584104567421,NaN,0.19041981,0.2602539,-0.875,0.3076172,1584104565387,-982086624902,0.27591932,7,1
1584104567423,NaN,0.2518687,0.28637695,-0.8847656,0.31054688,1584104565467,-982086624902,0.27591932,7,1
1584104567425,NaN,0.31616047,0.33520508,-0.8937988,0.31103516,1584104565547,-982086624902,0.27591932,7,1
1584104567428,NaN,0.39481393,0.31030273,-0.8989258,0.30615234,1584104565627,-982086624902,0.27591932,7,1
1584104567431,NaN,0.45733383,0.31591797,-0.90234375,0.2998047,1584104565707,-982086624902,0.27591932,7,1
1584104567437,NaN,0.4921242,0.25073242,-0.8947754,0.27563477,1584104565787,-982086624902,0.27591932,7,1
1584104567440,NaN,0.49466708,0.17260742,-0.89038086,0.27514648,1584104565867,-982086624902,0.27591932,7,1
1584104567443,NaN,0.49569488,0.2175293,-0.9609375,0.29101562,1584104565947,-982086624902,0.085135445,7,1
1584104567447,NaN,0.45502004,0.18945312,-1.0639648,0.36401367,1584104566027,-982086624902,0.12935077,7,1
1584104567450,NaN,0.3791716,0.087646484,-0.8063965,0.42236328,1584104566107,-982086624902,0.28303838,7,1
1584104567452,NaN,0.33529833,0.061523438,-0.93603516,0.3408203,1584104566187,-982086624902,0.28303838,7,1
1584104567455,NaN,0.2529795,0.056884766,-0.9104004,0.40673828,1584104566267,-982086624902,0.28303838,7,1
1584104567458,NaN,0.14325865,0.07543945,-0.9094238,0.37963867,1584104566347,-982086624902,0.28303838,7,1
1584104567461,NaN,0.013876031,0.06347656,-0.91967773,0.3894043,1584104566427,-982086624902,0.28303838,7,1
1584104567464,NaN,-0.14775427,0.059326172,-0.90722656,0.37548828,1584104566507,-982086624902,0.28303838,7,1
1584104567468,28.846153,-0.3223854,0.07495117,-0.9108887,0.37158203,1584104566587,-982086624902,0.28303838,7,1
1584104567470,NaN,-0.5148179,0.061035156,-0.9111328,0.38330078,1584104566667,-982086624902,0.28303838,7,1
1584104567473,NaN,-0.69312185,0.084228516,-0.90966797,0.38916016,1584104566747,-982086624902,0.28303838,7,1
1584104567476,NaN,-0.8475005,0.05053711,-0.9121094,0.39086914,1584104566827,-982086624902,0.28303838,7,1
1584104567478,NaN,-1.0353163,0.04736328,-0.8989258,0.4008789,1584104566907,-982086624902,0.28303838,7,1
1584104567481,NaN,-1.1390857,0.059326172,-0.92333984,0.39038086,1584104566987,-982086624902,0.28303838,7,1
1584104567484,NaN,-1.0275408,0.045654297,-0.9123535,0.39624023,1584104567067,-982086624902,0.28303838,7,1
1584104567488,NaN,-1.0489081,0.05859375,-0.9213867,0.38598633,1584104567147,-982086624902,0.28303838,7,1
1584104567490,NaN,-0.9566774,0.05493164,-0.9104004,0.38208008,1584104567227,-982086624902,0.28303838,7,1
1584104570162,NaN,-0.88745886,0.060546875,-0.91918945,0.3791504,1584104567307,-7178476762211,0.28303838,7,1
1584104570168,NaN,-0.7948877,0.057373047,-0.91137695,0.37158203,1584104567387,-7178476762211,0.28303838,7,1
1584104570176,NaN,-0.70401627,0.061035156,-0.9182129,0.38452148,1584104567467,-7178476762211,0.28303838,7,1
1584104570184,NaN,-0.6169471,0.06616211,-0.90527344,0.37939453,1584104567547,-7178476762211,0.28303838,7,1
1584104570192,NaN,-0.50300443,0.05419922,-0.9128418,0.39282227,1584104567627,-7178476762211,0.28303838,7,1
1584104570197,NaN,-0.38012215,0.08325195,-0.920166,0.3955078,1584104567707,-7178476762211,0.28303838,7,1
1584104570201,NaN,-0.2449742,0.079833984,-0.9211426,0.38330078,1584104567787,-7178476762211,0.28303838,7,1
1584104570204,NaN,-0.04369542,0.123535156,-0.91430664,0.38867188,1584104567867,-7178476762211,0.28303838,7,1
1584104570207,NaN,0.10862372,0.1328125,-0.9250488,0.37548828,1584104567947,-7178476762211,0.28303838,7,1
1584104570211,NaN,0.13423924,0.11230469,-0.8864746,0.35302734,1584104568027,-7178476762211,0.28303838,7,1
1584104570215,NaN,0.25231382,0.16625977,-0.9121094,0.34326172,1584104568107,-7178476762211,0.28303838,7,1
1584104570222,NaN,0.31678975,0.16967773,-0.923584,0.35595703,1584104568187,-7178476762211,0.28303838,7,1
1584104570227,NaN,0.38515118,0.21069336,-0.93969727,0.4050293,1584104568267,-7178476762211,0.28303838,7,1
1584104570231,NaN,0.4884131,0.26367188,-0.93359375,0.36791992,1584104568347,-7178476762211,0.28303838,7,1
1584104570234,NaN,0.5872226,0.28100586,-0.86450195,0.37475586,1584104568427,-7178476762211,0.28303838,7,1
1584104570238,NaN,0.6650676,0.2680664,-0.82592773,0.37646484,1584104568507,-7178476762211,0.28303838,7,1
1584104570241,NaN,0.76691246,0.32470703,-0.83154297,0.36865234,1584104568587,-7178476762211,0.28303838,7,1
1584104570244,NaN,0.8930462,0.35961914,-0.81933594,0.3244629,1584104568667,-7178476762211,0.15536362,7,1
1584104570247,NaN,0.9904732,0.38378906,-0.84814453,0.3413086,1584104568747,-7178476762211,0.07156028,7,1
1584104570250,NaN,0.99197,0.34204102,-0.87280273,0.3828125,1584104568827,-7178476762211,0.07156028,7,1
1584104570254,NaN,0.97983146,0.33618164,-0.8540039,0.35595703,1584104568907,-7178476762211,0.07156028,7,1
1584104570259,NaN,1.0006474,0.2932129,-0.890625,0.29956055,1584104568987,-7178476762211,0.07979963,7,1
1584104570261,NaN,0.9459753,0.20166016,-0.892334,0.3095703,1584104569067,-7178476762211,0.092114165,7,1
1584104570265,NaN,0.8984347,0.17456055,-0.94433594,0.32202148,1584104569147,-7178476762211,0.092114165,7,1
1584104570268,NaN,0.9034187,0.21557617,-1.0771484,0.3630371,1584104569227,-7178476762211,0.14492661,7,1
1584104570271,NaN,0.7257824,0.07543945,-0.84277344,0.38330078,1584104569307,-7178476762211,0.27382576,7,1
1584104570274,NaN,0.605179,0.08227539,-0.9279785,0.39086914,1584104569387,-7178476762211,0.27382576,7,1
1584104570277,NaN,0.5405268,0.028564453,-0.91259766,0.37451172,1584104569467,-7178476762211,0.27382576,7,1
1584104570280,NaN,0.462477,0.045898438,-0.89990234,0.36010742,1584104569547,-7178476762211,0.27382576,7,1
1584104570282,NaN,0.2865277,0.040283203,-0.8859863,0.38208008,1584104569627,-7178476762211,0.27382576,7,1
1584104570285,NaN,0.15801619,0.033691406,-0.9135742,0.37768555,1584104569707,-7178476762211,0.27382576,7,1
1584104570287,NaN,0.1254357,0.040039062,-0.92626953,0.38842773,1584104569787,-7178476762211,0.27382576,7,1
1584104572547,NaN,0.052646175,0.03466797,-0.9099121,0.40185547,1584104569867,5071877174189,0.27382576,7,1
1584104572554,NaN,-0.09621505,0.044677734,-0.93359375,0.3659668,1584104569947,5071877174189,0.27382576,7,1
1584104572560,NaN,-0.19016081,0.028076172,-0.920166,0.3635254,1584104570027,5071877174189,0.27382576,7,1
1584104572566,17.045454,-0.29295734,0.052490234,-0.9423828,0.37573242,1584104570107,5071877174189,0.27382576,7,1
1584104572569,NaN,-0.4623232,0.023925781,-0.9133301,0.3569336,1584104570187,5071877174189,0.27382576,7,1
1584104572573,NaN,-0.3716103,0.041992188,-0.9260254,0.36767578,1584104570267,5071877174189,0.27382576,7,1
1584104572577,NaN,-0.34968308,0.027832031,-0.91137695,0.3659668,1584104570347,5071877174189,0.27382576,7,1
1584104572582,NaN,-0.3410879,0.03149414,-0.923584,0.36450195,1584104570427,5071877174189,0.27382576,7,1
1584104572587,NaN,-0.3516904,0.025878906,-0.9111328,0.3491211,1584104570507,5071877174189,0.27382576,7,1
1584104572591,NaN,-0.26870787,0.022216797,-0.9328613,0.34716797,1584104570587,5071877174189,0.27382576,7,1
1584104572595,NaN,-0.23202197,0.008300781,-0.9277344,0.33374023,1584104570667,5071877174189,0.27382576,7,1
1584104572599,NaN,-0.23747034,0.0034179688,-0.9526367,0.3623047,1584104570747,5071877174189,0.27382576,7,1
1584104572604,NaN,-0.17035222,0.0073242188,-0.95336914,0.3623047,1584104570827,5071877174189,0.27382576,7,1
1584104572608,NaN,-0.10115527,-0.029296875,-0.9440918,0.33666992,1584104570907,5071877174189,0.27382576,7,1
1584104572613,NaN,-0.023174351,-0.048828125,-0.95654297,0.32006836,1584104570987,5071877174189,0.27382576,7,1
1584104572617,NaN,0.031373218,-0.099121094,-0.91918945,0.30615234,1584104571067,5071877174189,0.27382576,7,1
1584104572620,NaN,0.13056509,-0.080078125,-0.93359375,0.30493164,1584104571147,5071877174189,0.27382576,7,1
1584104572625,NaN,0.10511986,-0.055419922,-0.9460449,0.31689453,1584104571227,5071877174189,0.27382576,7,1
1584104572629,NaN,0.095220745,-0.0715332,-0.90063477,0.32714844,1584104571307,5071877174189,0.27382576,7,1
1584104572633,NaN,0.10710832,-0.11035156,-0.9484863,0.28198242,1584104571387,5071877174189,0.27382576,7,1
1584104572638,NaN,0.13478898,-0.091796875,-0.9165039,0.27026367,1584104571467,5071877174189,0.27382576,7,1
1584104572641,NaN,0.13533251,-0.075927734,-0.9758301,0.2980957,1584104571547,5071877174189,0.27382576,7,1
1584104572645,NaN,0.13764352,-0.095947266,-0.9494629,0.28735352,1584104571627,5071877174189,0.27382576,7,1
1584104572650,NaN,0.18889342,-0.1237793,-0.9499512,0.26708984,1584104571707,5071877174189,0.27382576,7,1
1584104572654,NaN,0.2287726,-0.07446289,-0.951416,0.26879883,1584104571787,5071877174189,0.27382576,7,1
1584104572657,NaN,0.2638885,-0.07055664,-0.93188477,0.2915039,1584104571867,5071877174189,0.08581326,7,1
1584104572660,NaN,0.27764508,-0.014892578,-0.967041,0.29077148,1584104571947,5071877174189,0.07639768,7,1
1584104572663,NaN,0.29132637,0.020507812,-0.94555664,0.31274414,1584104572027,5071877174189,0.07639768,7,1
1584104572668,NaN,0.29359674,-0.018554688,-0.9770508,0.31567383,1584104572107,5071877174189,0.07639768,7,1
1584104572669,NaN,0.25532088,-0.010009766,-0.97021484,0.37426758,1584104572187,5071877174189,0.07639768,7,1
1584104572672,NaN,0.2531131,0.008544922,-0.85595703,0.3269043,1584104572267,5071877174189,0.1250696,7,1
1584104572675,NaN,0.21068172,0.036621094,-0.97094727,0.29882812,1584104572347,5071877174189,0.1250696,7,1
1584104575130,NaN,0.086457044,0.04248047,-0.921875,0.37353516,1584104572427,-1124794438095,0.1250696,7,1
1584104575134,NaN,-0.008404563,0.03491211,-0.9187012,0.3461914,1584104572507,-1124794438095,0.1250696,7,1
1584104575139,24.193548,-0.10885164,0.020507812,-0.9301758,0.35229492,1584104572587,-1124794438095,0.1250696,7,1
1584104575147,NaN,-0.2828784,0.023925781,-0.92407227,0.36743164,1584104572667,-1124794438095,0.1250696,7,1
1584104575152,NaN,-0.4456258,0.022216797,-0.9250488,0.35864258,1584104572747,-1124794438095,0.1250696,7,1
1584104575156,NaN,-0.5617849,0.03149414,-0.91552734,0.37231445,1584104572827,-1124794438095,0.1250696,7,1
1584104575160,NaN,-0.6696914,0.036621094,-0.91186523,0.36669922,1584104572907,-1124794438095,0.1250696,7,1
1584104575168,NaN,-0.7210805,0.033691406,-0.9121094,0.36694336,1584104572987,-1124794438095,0.1250696,7,1
1584104575172,NaN,-0.77576107,0.01977539,-0.92749023,0.359375,1584104573067,-1124794438095,0.1250696,7,1
1584104575178,NaN,-0.7314973,0.0,-0.93530273,0.35351562,1584104573147,-1124794438095,0.1250696,7,1
1584104575180,NaN,-0.70543045,9.765625E-4,-0.92944336,0.34155273,1584104573227,-1124794438095,0.1250696,7,1
1584104575184,NaN,-0.7409145,0.0034179688,-0.9326172,0.36083984,1584104573307,-1124794438095,0.1250696,7,1
1584104575188,NaN,-0.62310356,-0.009277344,-0.9482422,0.3605957,1584104573387,-1124794438095,0.1250696,7,1
1584104575192,NaN,-0.5858448,-0.017822266,-0.90600586,0.38476562,1584104573467,-1124794438095,0.1250696,7,1
1584104575197,NaN,-0.5184039,-0.005126953,-0.9304199,0.36206055,1584104573547,-1124794438095,0.1250696,7,1
1584104575201,NaN,-0.42341828,-0.0063476562,-0.9116211,0.38549805,1584104573627,-1124794438095,0.1250696,7,1
1584104575205,NaN,-0.33215174,-0.04736328,-0.88378906,0.35229492,1584104573707,-1124794438095,0.1250696,7,1
1584104575209,NaN,-0.20721142,-0.033447266,-0.93652344,0.33447266,1584104573787,-1124794438095,0.1250696,7,1
1584104575213,NaN,-0.060248807,-0.048583984,-0.93969727,0.3022461,1584104573867,-1124794438095,0.1250696,7,1
1584104575218,NaN,0.080016084,-0.092285156,-0.9609375,0.2836914,1584104573947,-1124794438095,0.1250696,7,1
1584104575222,NaN,0.20565124,-0.06567383,-0.95410156,0.28222656,1584104574027,-1124794438095,0.1250696,7,1
1584104575225,NaN,0.2657347,-0.076416016,-0.96728516,0.2861328,1584104574107,-1124794438095,0.1250696,7,1
1584104575227,NaN,0.28263745,-0.045898438,-0.95751953,0.31518555,1584104574187,-1124794438095,0.1250696,7,1
1584104575230,NaN,0.3880241,-0.053955078,-0.94384766,0.29907227,1584104574267,-1124794438095,0.1250696,7,1
1584104575233,NaN,0.41217235,-0.08666992,-0.94628906,0.29541016,1584104574347,-1124794438095,0.1250696,7,1
1584104575236,NaN,0.49137327,-0.08178711,-0.8972168,0.31518555,1584104574427,-1124794438095,0.1250696,7,1
1584104575239,NaN,0.54206604,-0.041992188,-0.935791,0.30664062,1584104574507,-1124794438095,0.1250696,7,1
1584104575242,NaN,0.6378178,-0.015136719,-0.95458984,0.29711914,1584104574587,-1124794438095,0.1250696,7,1
1584104575245,NaN,0.6803077,-0.0075683594,-0.9680176,0.32543945,1584104574667,-1124794438095,0.1250696,7,1
1584104575247,NaN,0.64078486,0.01928711,-0.97143555,0.34204102,1584104574747,-1124794438095,0.1250696,7,1
1584104575251,NaN,0.5145118,0.010498047,-0.923584,0.37304688,1584104574827,-1124794438095,0.12165236,7,1
1584104575255,NaN,0.3463545,0.033447266,-0.89160156,0.35864258,1584104574907,-1124794438095,0.08957433,7,1
1584104577715,NaN,0.17760386,0.044921875,-0.90283203,0.38183594,1584104574987,-7321184575403,0.059660297,7,1
1584104577724,NaN,0.015452822,0.0690918,-0.9016113,0.37451172,1584104575067,-7321184575403,0.059660297,7,1
1584104577729,NaN,-0.10434047,0.06347656,-0.8937988,0.39379883,1584104575147,-7321184575403,0.059660297,7,1
1584104577738,22.727272,-0.2543782,0.07519531,-0.9082031,0.39038086,1584104575227,-7321184575403,0.059660297,7,1
1584104577743,NaN,-0.41999808,0.060791016,-0.9147949,0.40014648,1584104575307,-7321184575403,0.059660297,7,1
1584104577749,NaN,-0.54230773,0.056884766,-0.9230957,0.38378906,1584104575387,-7321184575403,0.059660297,7,1
1584104577756,NaN,-0.67762613,0.055908203,-0.90966797,0.38598633,1584104575467,-7321184575403,0.059660297,7,1
1584104577761,NaN,-0.8448417,0.051513672,-0.9160156,0.37768555,1584104575547,-7321184575403,0.059660297,7,1
1584104577768,NaN,-0.95922977,0.046142578,-0.91552734,0.3852539,1584104575627,-7321184575403,0.059660297,7,1
1584104577772,NaN,-1.0123346,0.052246094,-0.9182129,0.3774414,1584104575707,-7321184575403,0.059660297,7,1
1584104577775,NaN,-0.97002834,0.048828125,-0.91430664,0.3798828,1584104575787,-7321184575403,0.059660297,7,1
1584104577779,NaN,-0.9064186,0.045166016,-0.9157715,0.38916016,1584104575867,-7321184575403,0.059660297,7,1
1584104577783,NaN,-0.8201399,0.05419922,-0.9091797,0.39501953,1584104575947,-7321184575403,0.059660297,7,1
1584104577787,NaN,-0.7261706,0.05834961,-0.90600586,0.3881836,1584104576027,-7321184575403,0.059660297,7,1
1584104577790,NaN,-0.62389386,0.0625,-0.9157715,0.3881836,1584104576107,-7321184575403,0.059660297,7,1
1584104577795,NaN,-0.50576514,0.052490234,-0.9140625,0.37817383,1584104576187,-7321184575403,0.059660297,7,1
1584104577800,NaN,-0.37093714,0.052001953,-0.9121094,0.3762207,1584104576267,-7321184575403,0.05769214,7,1
1584104577805,NaN,-0.28774238,0.05859375,-0.9277344,0.36401367,1584104576347,-7321184575403,0.05769214,7,1
1584104577809,NaN,-0.16935931,0.046875,-0.9255371,0.3544922,1584104576427,-7321184575403,0.05769214,7,1
1584104577813,NaN,-0.040248137,0.021972656,-0.9423828,0.34228516,1584104576507,-7321184575403,0.05769214,7,1
1584104577817,NaN,0.07100254,0.03173828,-0.9223633,0.34033203,1584104576587,-7321184575403,0.05769214,7,1
1584104577820,NaN,0.16235207,0.021484375,-0.9394531,0.3466797,1584104576667,-7321184575403,0.05769214,7,1
1584104577824,NaN,0.22849369,0.01586914,-0.9316406,0.3383789,1584104576747,-7321184575403,0.05769214,7,1
1584104577827,NaN,0.30635217,0.021240234,-0.9333496,0.31958008,1584104576827,-7321184575403,0.05769214,7,1
1584104577831,NaN,0.40024304,0.021240234,-0.95825195,0.30737305,1584104576907,-7321184575403,0.05769214,7,1
1584104577836,NaN,0.50085616,7.324219E-4,-0.9538574,0.29833984,1584104576987,-7321184575403,0.05769214,7,1
1584104577839,NaN,0.628371,-0.05834961,-0.9367676,0.27368164,1584104577067,-7321184575403,0.06626293,7,1
1584104577843,NaN,0.75343776,-0.05126953,-0.9584961,0.2487793,1584104577147,-7321184575403,0.06626293,7,1
1584104577846,NaN,0.85124475,0.0012207031,-0.9790039,0.24975586,1584104577227,-7321184575403,0.06626293,7,1
1584104577850,NaN,0.9394233,0.0146484375,-0.9621582,0.24414062,1584104577307,-7321184575403,0.06626293,7,1
1584104577853,NaN,1.0488657,-0.020996094,-0.96972656,0.19848633,1584104577387,-7321184575403,0.06626293,7,1
1584104577856,NaN,1.1347117,-0.052246094,-0.9836426,0.20825195,1584104577467,-7321184575403,0.06626293,7,1
1584104580497,NaN,1.235973,-0.057128906,-0.9802246,0.20800781,1584104577547,4929169360997,0.06626293,7,1
1584104580519,NaN,1.3487812,-0.07519531,-0.95825195,0.18920898,1584104577627,4929169360997,0.06626293,7,1
1584104580526,NaN,1.4183426,-0.0637207,-0.9560547,0.2265625,1584104577707,4929169360997,0.06626293,7,1
1584104580529,NaN,1.4150473,0.013427734,-0.951416,0.23901367,1584104577787,4929169360997,0.07828429,7,1
1584104580533,NaN,1.3440613,0.05493164,-0.9802246,0.26293945,1584104577867,4929169360997,0.07828429,7,1
1584104580536,NaN,1.2395195,0.052978516,-0.9760742,0.27124023,1584104577947,4929169360997,0.07828429,7,1
1584104580540,NaN,1.0254105,0.049804688,-0.9663086,0.30737305,1584104578027,4929169360997,0.07828429,7,1
1584104580544,NaN,0.79037565,0.07006836,-0.9367676,0.28320312,1584104578107,4929169360997,0.07828429,7,1
1584104580546,NaN,0.5624005,0.12158203,-0.9375,0.31201172,1584104578187,4929169360997,0.07828429,7,1
1584104580549,NaN,0.3411686,0.14257812,-0.9145508,0.30859375,1584104578267,4929169360997,0.07828429,7,1
1584104580553,NaN,0.03448339,0.14916992,-0.9379883,0.3071289,1584104578347,4929169360997,0.07828429,7,1
1584104580557,18.75,-0.28000247,0.14501953,-0.9248047,0.3100586,1584104578427,4929169360997,0.07828429,7,1
1584104580562,NaN,-0.60728335,0.14770508,-0.9406738,0.31323242,1584104578507,4929169360997,0.07828429,7,1
1584104580565,NaN,-0.9597061,0.13598633,-0.93408203,0.3137207,1584104578587,4929169360997,0.07828429,7,1
1584104580569,NaN,-1.242092,0.1262207,-0.9326172,0.31469727,1584104578667,4929169360997,0.07828429,7,1
1584104580574,NaN,-1.3962382,0.1184082,-0.94970703,0.30395508,1584104578747,4929169360997,0.07828429,7,1
1584104580577,NaN,-1.4726814,0.106933594,-0.93969727,0.30664062,1584104578827,4929169360997,0.07828429,7,1
1584104580581,NaN,-1.5217276,0.10986328,-0.94506836,0.30078125,1584104578907,4929169360997,0.07828429,7,1
1584104580585,NaN,-1.482102,0.107421875,-0.9370117,0.29833984,1584104578987,4929169360997,0.07828429,7,1
1584104580588,NaN,-1.4239379,0.09643555,-0.92822266,0.31176758,1584104579067,4929169360997,0.07828429,7,1
1584104580591,NaN,-1.3052949,0.10595703,-0.9350586,0.31347656,1584104579147,4929169360997,0.07828429,7,1
1584104580594,NaN,-1.156423,0.103027344,-0.9238281,0.29956055,1584104579227,4929169360997,0.07828429,7,1
1584104580597,NaN,-0.9410934,0.078125,-0.94262695,0.29663086,1584104579307,4929169360997,0.07828429,7,1
1584104580601,NaN,-0.6933534,0.08105469,-0.982666,0.28979492,1584104579387,4929169360997,0.07828429,7,1
1584104580604,NaN,-0.4269987,0.067871094,-0.96728516,0.2668457,1584104579467,4929169360997,0.07828429,7,1
1584104580608,NaN,-0.15078337,0.052001953,-0.9626465,0.27685547,1584104579547,4929169360997,0.07828429,7,1
1584104580612,NaN,0.1201506,0.048339844,-0.97680664,0.22509766,1584104579627,4929169360997,0.07828429,7,1
1584104580615,NaN,0.31201234,0.0126953125,-0.9519043,0.24511719,1584104579707,4929169360997,0.07828429,7,1
1584104580618,NaN,0.50128406,-0.0026855469,-0.9453125,0.19921875,1584104579787,4929169360997,0.07828429,7,1
1584104580621,NaN,0.69503206,-0.0024414062,-0.9758301,0.1862793,1584104579867,4929169360997,0.07828429,7,1
1584104580626,NaN,0.8366189,0.035888672,-0.9658203,0.19677734,1584104579947,4929169360997,0.07828429,7,1
1584104580630,NaN,0.9858249,0.028564453,-0.98291016,0.19824219,1584104580027,4929169360997,0.07828429,7,1
1584104582884,NaN,1.0998865,0.03955078,-1.0085449,0.19360352,1584104580107,-1267502251287,0.07828429,7,1
1584104582889,NaN,1.1838266,0.020263672,-0.99194336,0.20458984,1584104580187,-1267502251287,0.07828429,7,1
1584104582893,NaN,1.2592782,-0.011474609,-0.9770508,0.18164062,1584104580267,-1267502251287,0.07828429,7,1
1584104582897,NaN,1.2613763,0.02368164,-0.9609375,0.22998047,1584104580347,-1267502251287,0.0619059,7,1
1584104582905,NaN,1.1988527,0.060058594,-0.96313477,0.24609375,1584104580427,-1267502251287,0.0619059,7,1
1584104582909,NaN,1.0829601,0.1081543,-0.98339844,0.2927246,1584104580507,-1267502251287,0.0699875,7,1
1584104582915,NaN,0.9172155,0.07080078,-0.96362305,0.3059082,1584104580587,-1267502251287,0.0699875,7,1
1584104582921,NaN,0.75490975,0.041015625,-0.9489746,0.3347168,1584104580667,-1267502251287,0.0699875,7,1
1584104582927,NaN,0.5188275,0.044677734,-0.88671875,0.32910156,1584104580747,-1267502251287,0.0699875,7,1
1584104582930,NaN,0.2528285,0.052978516,-0.91015625,0.3371582,1584104580827,-1267502251287,0.0699875,7,1
1584104582933,NaN,0.029442957,0.053466797,-0.89501953,0.36254883,1584104580907,-1267502251287,0.0699875,7,1
1584104582937,NaN,-0.21686445,0.07885742,-0.90600586,0.3486328,1584104580987,-1267502251287,0.0699875,7,1
1584104582940,22.727272,-0.45734158,0.036132812,-0.9260254,0.37426758,1584104581067,-1267502251287,0.0699875,7,1
1584104582943,NaN,-0.69520885,0.052246094,-0.9382324,0.36669922,1584104581147,-1267502251287,0.0699875,7,1
1584104582947,NaN,-0.9645737,0.045410156,-0.9404297,0.36328125,1584104581227,-1267502251287,0.0699875,7,1
1584104582951,NaN,-1.1374534,0.068603516,-0.9279785,0.359375,1584104581307,-1267502251287,0.0699875,7,1
1584104582955,NaN,-1.2234198,0.052246094,-0.9223633,0.35620117,1584104581387,-1267502251287,0.0699875,7,1
1584104582959,NaN,-1.2130144,0.057861328,-0.9152832,0.35913086,1584104581467,-1267502251287,0.0699875,7,1
1584104582962,NaN,-1.1891292,0.052734375,-0.9172363,0.3642578,1584104581547,-1267502251287,0.0699875,7,1
1584104582965,NaN,-1.1635972,0.061767578,-0.90405273,0.36694336,1584104581627,-1267502251287,0.0699875,7,1
1584104582970,NaN,-1.0706515,0.05053711,-0.8996582,0.359375,1584104581707,-1267502251287,0.0699875,7,1
1584104582973,NaN,-0.93309635,0.033447266,-0.88793945,0.33081055,1584104581787,-1267502251287,0.0699875,7,1
1584104582976,NaN,-0.794816,0.041015625,-0.88720703,0.3359375,1584104581867,-1267502251287,0.0699875,7,1
1584104582979,NaN,-0.63822323,0.046142578,-0.97680664,0.36450195,1584104581947,-1267502251287,0.09418229,7,1
1584104582983,NaN,-0.45903945,0.01977539,-0.9934082,0.31835938,1584104582027,-1267502251287,0.09418229,7,1
1584104582986,NaN,-0.26817656,0.0068359375,-0.9538574,0.30200195,1584104582107,-1267502251287,0.09418229,7,1
1584104582989,NaN,-0.012739559,-0.021240234,-0.9621582,0.24975586,1584104582187,-1267502251287,0.09418229,7,1
1584104582993,NaN,0.23059165,-0.03515625,-0.9790039,0.2475586,1584104582267,-1267502251287,0.09418229,7,1
1584104582998,NaN,0.42809665,-0.008056641,-0.95581055,0.21411133,1584104582347,-1267502251287,0.09418229,7,1
1584104583001,NaN,0.6148206,-0.010253906,-0.9814453,0.1875,1584104582427,-1267502251287,0.09418229,7,1
1584104583004,NaN,0.8110876,-0.011230469,-0.9523926,0.1772461,1584104582507,-1267502251287,0.09418229,7,1
1584104583006,NaN,1.0467081,-0.020507812,-1.0029297,0.16235352,1584104582587,-1267502251287,0.09418229,7,1
1584104585465,NaN,1.2413174,-0.015380859,-1.0002441,0.16723633,1584104582667,-7535949982633,0.09418229,7,1
1584104585470,NaN,1.3840399,-0.01928711,-1.0109863,0.17236328,1584104582747,-7535949982633,0.09418229,7,1
1584104585477,NaN,1.5492471,-0.061035156,-0.98706055,0.15234375,1584104582827,-7535949982633,0.09418229,7,1
1584104585483,NaN,1.6780704,-0.023925781,-0.9733887,0.18115234,1584104582907,-7535949982633,0.09418229,7,1
1584104585487,NaN,1.6649743,0.055419922,-1.0065918,0.22729492,1584104582987,-7535949982633,0.09760802,7,1
1584104585494,NaN,1.6207873,0.037841797,-0.9802246,0.2529297,1584104583067,-7535949982633,0.09760802,7,1
1584104585501,NaN,1.4360327,0.03540039,-0.9760742,0.3251953,1584104583147,-7535949982633,0.09760802,7,1
1584104585508,NaN,1.2051326,0.017578125,-0.89746094,0.3359375,1584104583227,-7535949982633,0.09760802,7,1
1584104585511,NaN,0.96218085,0.008300781,-0.8466797,0.34814453,1584104583307,-7535949982633,0.09760802,7,1
1584104585516,NaN,0.63787913,0.088134766,-0.8984375,0.34521484,1584104583387,-7535949982633,0.09760802,7,1
1584104585520,NaN,0.2730029,0.0769043,-0.9189453,0.41088867,1584104583467,-7535949982633,0.09760802,7,1
1584104585523,NaN,-0.11919135,0.072021484,-0.9182129,0.36889648,1584104583547,-7535949982633,0.09760802,7,1
1584104585527,23.4375,-0.48266676,0.06762695,-0.9289551,0.36523438,1584104583627,-7535949982633,0.09760802,7,1
1584104585533,NaN,-0.8162249,0.06298828,-0.9272461,0.36010742,1584104583707,-7535949982633,0.09760802,7,1
1584104585538,NaN,-1.2200437,0.06762695,-0.93066406,0.37109375,1584104583787,-7535949982633,0.09760802,7,1
1584104585544,NaN,-1.5531889,0.07006836,-0.91845703,0.3647461,1584104583867,-7535949982633,0.09760802,7,1
1584104585548,NaN,-1.7181677,0.057617188,-0.91259766,0.36694336,1584104583947,-7535949982633,0.09760802,7,1
1584104585553,NaN,-1.840886,0.046875,-0.91796875,0.37231445,1584104584027,-7535949982633,0.09760802,7,1
1584104585556,NaN,-1.81964,0.045166016,-0.92041016,0.3762207,1584104584107,-7535949982633,0.09760802,7,1
1584104585561,NaN,-1.7608095,0.05517578,-0.92822266,0.3803711,1584104584187,-7535949982633,0.09760802,7,1
1584104585565,NaN,-1.6676301,0.046142578,-0.92871094,0.39379883,1584104584267,-7535949982633,0.09760802,7,1
1584104585568,NaN,-1.5036327,0.05029297,-0.9082031,0.3791504,1584104584347,-7535949982633,0.09760802,7,1
1584104585571,NaN,-1.269483,0.040039062,-0.91918945,0.3918457,1584104584427,-7535949982633,0.09760802,7,1
1584104585575,NaN,-1.0758615,0.04638672,-0.9055176,0.3881836,1584104584507,-7535949982633,0.09760802,7,1
1584104585578,NaN,-0.902522,0.029052734,-0.8996582,0.39770508,1584104584587,-7535949982633,0.09760802,7,1
1584104585581,NaN,-0.7416251,0.04321289,-0.90356445,0.39526367,1584104584667,-7535949982633,0.09760802,7,1
1584104585584,NaN,-0.5372411,0.038330078,-0.8935547,0.39379883,1584104584747,-7535949982633,0.09760802,7,1
1584104585587,NaN,-0.36889234,0.040527344,-0.9016113,0.390625,1584104584827,-7535949982633,0.09760802,7,1
1584104585591,NaN,-0.25949323,0.034179688,-0.91064453,0.3942871,1584104584907,-7535949982633,0.09760802,7,1
1584104585594,NaN,-0.1707765,0.034423828,-0.9189453,0.39794922,1584104584987,-7535949982633,0.09760802,7,1
1584104585598,NaN,-0.13061705,0.025878906,-0.9086914,0.40429688,1584104585067,-7535949982633,0.09760802,7,1
1584104585601,NaN,-0.10436847,0.03466797,-0.90356445,0.39819336,1584104585147,-7535949982633,0.09760802,7,1
1584104587851,NaN,-0.08393001,0.031982422,-0.9086914,0.39648438,1584104585227,4714403953767,0.09760802,7,1
1584104587867,NaN,-0.08961644,0.03857422,-0.9042969,0.3972168,1584104585307,4714403953767,0.09760802,7,1
1584104587880,NaN,-0.11978674,0.039794922,-0.9140625,0.39208984,1584104585387,4714403953767,0.09760802,7,1
1584104587887,NaN,-0.1195589,0.041748047,-0.90771484,0.39941406,1584104585467,4714403953767,0.09760802,7,1
1584104587893,NaN,-0.10191852,0.036376953,-0.9123535,0.39282227,1584104585547,4714403953767,0.09518886,7,1
1584104587896,NaN,-0.07630108,0.041748047,-0.90844727,0.39257812,1584104585627,4714403953767,0.09518886,7,1
1584104587904,NaN,-0.06078365,0.028808594,-0.9116211,0.40478516,1584104585707,4714403953767,0.09518886,7,1
1584104587907,NaN,-0.04936182,0.040283203,-0.91308594,0.39331055,1584104585787,4714403953767,0.09518886,7,1
1584104587912,NaN,-0.047761593,0.044189453,-0.907959,0.39770508,1584104585867,4714403953767,0.09518886,7,1
1584104587917,NaN,-0.040022638,0.033935547,-0.90600586,0.39746094,1584104585947,4714403953767,0.06971187,7,1
1584104587923,NaN,-0.032347966,0.0234375,-0.9082031,0.41455078,1584104586027,4714403953767,0.042281464,7,1
1584104587925,NaN,-0.027190795,0.04736328,-0.907959,0.40112305,1584104586107,4714403953767,0.027437322,7,1
1584104587928,NaN,-0.027658619,0.036376953,-0.90625,0.39648438,1584104586187,4714403953767,0.027437322,7,1
1584104587933,NaN,-0.020175382,0.03149414,-0.9116211,0.40600586,1584104586267,4714403953767,0.027437322,7,1
1584104587936,NaN,-0.03493276,0.03930664,-0.9020996,0.4111328,1584104586347,4714403953767,0.027437322,7,1
1584104587940,NaN,-0.037035473,0.029541016,-0.89868164,0.41259766,1584104586427,4714403953767,0.027437322,7,1
1584104587944,NaN,-0.057564706,0.03125,-0.89697266,0.41259766,1584104586507,4714403953767,0.027437322,7,1
1584104587947,NaN,-0.072284065,0.033935547,-0.89453125,0.40649414,1584104586587,4714403953767,0.027437322,7,1
1584104587949,NaN,-0.08116985,0.041015625,-0.9001465,0.40283203,1584104586667,4714403953767,0.027437322,7,1
1584104587952,NaN,-0.089229584,0.037353516,-0.8967285,0.39648438,1584104586747,4714403953767,0.027437322,7,1
1584104587956,NaN,-0.07655283,0.025390625,-0.9057617,0.39892578,1584104586827,4714403953767,0.027437322,7,1
1584104587959,NaN,-0.07576691,0.034179688,-0.9128418,0.40454102,1584104586907,4714403953767,0.027437322,7,1
1584104587963,NaN,-0.0682137,0.032958984,-0.90527344,0.40576172,1584104586987,4714403953767,0.027437322,7,1
1584104587965,NaN,-0.05870743,0.03125,-0.91015625,0.40527344,1584104587067,4714403953767,0.027437322,7,1
1584104587968,NaN,-0.05414964,0.03540039,-0.90649414,0.39404297,1584104587147,4714403953767,0.027437322,7,1
1584104587970,NaN,-0.053311277,0.032714844,-0.9091797,0.40429688,1584104587227,4714403953767,0.027437322,7,1
1584104587973,NaN,-0.025976801,0.037841797,-0.9055176,0.39746094,1584104587307,4714403953767,0.027437322,7,1
1584104587976,NaN,-0.018630404,0.04248047,-0.90063477,0.40600586,1584104587387,4714403953767,0.027437322,7,1
1584104587978,NaN,0.004595617,0.036865234,-0.9108887,0.40576172,1584104587467,4714403953767,0.027437322,7,1
1584104587981,NaN,0.022728503,0.040771484,-0.9199219,0.4038086,1584104587547,4714403953767,0.027437322,7,1
1584104587984,NaN,0.034840677,0.041503906,-0.91430664,0.40161133,1584104587627,4714403953767,0.027437322,7,1
1584104587987,NaN,0.04443265,0.04345703,-0.9067383,0.39282227,1584104587707,4714403953767,0.027437322,7,1
1584104590435,NaN,0.028051069,0.0390625,-0.90893555,0.4086914,1584104587787,-1482267658517,0.027437322,7,1
1584104590441,NaN,0.030429212,0.03955078,-0.90600586,0.39892578,1584104587867,-1482267658517,0.027437322,7,1
1584104590445,NaN,0.03884866,0.038085938,-0.9091797,0.39038086,1584104587947,-1482267658517,0.027437322,7,1
1584104590451,NaN,0.032834742,0.042236328,-0.90771484,0.40112305,1584104588027,-1482267658517,0.027437322,7,1
1584104590455,NaN,0.028070733,0.04321289,-0.91625977,0.39819336,1584104588107,-1482267658517,0.027437322,7,1
1584104590460,NaN,0.027066598,0.037109375,-0.8952637,0.39697266,1584104588187,-1482267658517,0.027437322,7,1
1584104590465,NaN,0.01020472,0.03955078,-0.904541,0.40478516,1584104588267,-1482267658517,0.027437322,7,1
1584104590469,NaN,0.018973013,0.043701172,-0.9147949,0.39868164,1584104588347,-1482267658517,0.027437322,7,1
1584104590474,NaN,0.018386437,0.032958984,-0.8991699,0.3930664,1584104588427,-1482267658517,0.027437322,7,1
1584104590478,NaN,0.017202536,0.040771484,-0.9206543,0.39526367,1584104588507,-1482267658517,0.027437322,7,1
1584104590483,NaN,0.011288058,0.04638672,-0.9038086,0.3955078,1584104588587,-1482267658517,0.027437322,7,1
1584104590487,NaN,5.5916485E-4,0.038330078,-0.90722656,0.40600586,1584104588667,-1482267658517,0.022966094,7,1
1584104590491,NaN,0.021236813,0.048583984,-0.90600586,0.38891602,1584104588747,-1482267658517,0.022966094,7,1
1584104590496,NaN,0.025883064,0.041748047,-0.9160156,0.39648438,1584104588827,-1482267658517,0.022966094,7,1
1584104590501,NaN,0.012341893,0.042236328,-0.90527344,0.39208984,1584104588907,-1482267658517,0.022966094,7,1
1584104590506,NaN,0.020035954,0.03930664,-0.90966797,0.39526367,1584104588987,-1482267658517,0.022966094,7,1
1584104590508,NaN,0.02247309,0.041748047,-0.90625,0.39453125,1584104589067,-1482267658517,0.022966094,7,1
1584104590513,NaN,0.02712661,0.043945312,-0.90771484,0.39501953,1584104589147,-1482267658517,0.022966094,7,1
1584104590515,NaN,0.044258524,0.03857422,-0.9147949,0.3942871,1584104589227,-1482267658517,0.022966094,7,1
1584104590519,NaN,0.031784568,0.044433594,-0.9033203,0.39794922,1584104589307,-1482267658517,0.022966094,7,1
1584104590523,NaN,0.02637826,0.0390625,-0.9116211,0.39501953,1584104589387,-1482267658517,0.022966094,7,1
1584104590525,NaN,0.017215926,0.045898438,-0.91186523,0.3935547,1584104589467,-1482267658517,0.022966094,7,1
1584104590528,NaN,0.017362786,0.037841797,-0.9111328,0.40283203,1584104589547,-1482267658517,0.022966094,7,1
1584104590531,NaN,0.027889574,0.03955078,-0.9091797,0.4020996,1584104589627,-1482267658517,0.022966094,7,1
1584104590533,NaN,0.017476575,0.040039062,-0.9094238,0.39404297,1584104589707,-1482267658517,0.022966094,7,1
1584104590536,NaN,0.010389884,0.036376953,-0.9057617,0.39746094,1584104589787,-1482267658517,0.022966094,7,1
1584104590540,NaN,0.012057137,0.0390625,-0.91137695,0.39868164,1584104589867,-1482267658517,0.022966094,7,1
1584104590543,NaN,-0.0012425972,0.04272461,-0.90478516,0.40234375,1584104589947,-1482267658517,0.022966094,7,1
1584104590547,NaN,-5.3946633E-4,0.03564453,-0.90356445,0.39453125,1584104590027,-1482267658517,0.022966094,7,1
1584104590551,NaN,-0.011120915,0.03881836,-0.89038086,0.39819336,1584104590107,-1482267658517,0.022966094,7,1
1584104590554,NaN,-0.02417467,0.036376953,-0.90625,0.3935547,1584104590187,-1482267658517,0.022966094,7,1
1584104590557,NaN,-0.01584907,0.033691406,-0.91015625,0.39746094,1584104590267,-1482267658517,0.022966094,7,1
1584104593020,NaN,-0.012223437,0.040527344,-0.9160156,0.39038086,1584104590347,-7678657795826,0.022966094,7,1
1584104593025,NaN,-0.008831583,0.033447266,-0.90771484,0.39453125,1584104590427,-7678657795826,0.022966094,7,1
1584104593034,NaN,-0.0022086531,0.04248047,-0.9082031,0.39233398,1584104590507,-7678657795826,0.022966094,7,1
1584104593038,NaN,-0.009631678,0.040527344,-0.90356445,0.4050293,1584104590587,-7678657795826,0.022966094,7,1
1584104593045,NaN,-0.009676482,0.041259766,-0.9140625,0.39648438,1584104590667,-7678657795826,0.022966094,7,1
1584104593050,NaN,-0.00415372,0.04345703,-0.9128418,0.39526367,1584104590747,-7678657795826,0.022966094,7,1
1584104593055,NaN,0.003945163,0.041503906,-0.9094238,0.38916016,1584104590827,-7678657795826,0.022966094,7,1
1584104593060,NaN,0.017695377,0.040771484,-0.90893555,0.39648438,1584104590907,-7678657795826,0.022966094,7,1
1584104593065,NaN,0.020028433,0.045898438,-0.90966797,0.39111328,1584104590987,-7678657795826,0.022966094,7,1
1584104593070,NaN,0.037939716,0.039794922,-0.91308594,0.3935547,1584104591067,-7678657795826,0.01996736,7,1
1584104593073,NaN,0.04285418,0.046142578,-0.9128418,0.39013672,1584104591147,-7678657795826,0.01996736,7,1
1584104593077,NaN,0.035500947,0.048095703,-0.9069824,0.3959961,1584104591227,-7678657795826,0.01996736,7,1
1584104593080,NaN,0.028240696,0.03930664,-0.9123535,0.39257812,1584104591307,-7678657795826,0.01671249,7,1
1584104593084,NaN,0.026146114,0.05102539,-0.9140625,0.3955078,1584104591387,-7678657795826,0.01671249,7,1
1584104593088,NaN,0.012421605,0.037597656,-0.9082031,0.4038086,1584104591467,-7678657795826,0.016838625,7,1
1584104593092,NaN,0.020240648,0.040527344,-0.90600586,0.4013672,1584104591547,-7678657795826,0.016838625,7,1
1584104593096,NaN,0.022908727,0.041748047,-0.9104004,0.3918457,1584104591627,-7678657795826,0.016838625,7,1
1584104593099,NaN,0.017200291,0.035888672,-0.91015625,0.39990234,1584104591707,-7678657795826,0.016838625,7,1
1584104593104,NaN,0.0023208398,0.040771484,-0.9082031,0.40063477,1584104591787,-7678657795826,0.016838625,7,1
1584104593108,NaN,-0.007547062,0.04272461,-0.90649414,0.39990234,1584104591867,-7678657795826,0.016838625,7,1
1584104593111,34.090908,-0.01308162,0.03100586,-0.9123535,0.3996582,1584104591947,-7678657795826,0.016838625,7,1
1584104593114,NaN,-0.03506219,0.039794922,-0.90063477,0.40283203,1584104592027,-7678657795826,0.016838625,7,1
1584104593117,NaN,-0.042806152,0.037841797,-0.8964844,0.39111328,1584104592107,-7678657795826,0.016838625,7,1
1584104593120,NaN,-0.04011714,0.037841797,-0.9033203,0.39648438,1584104592187,-7678657795826,0.016838625,7,1
1584104593123,NaN,-0.036412146,0.032714844,-0.9108887,0.39208984,1584104592267,-7678657795826,0.016838625,7,1
1584104593126,NaN,-0.03733262,0.03173828,-0.90722656,0.40039062,1584104592347,-7678657795826,0.016838625,7,1
1584104593130,NaN,-0.02016172,0.041992188,-0.91430664,0.3930664,1584104592427,-7678657795826,0.016838625,7,1
1584104593132,NaN,-0.022366874,0.03930664,-0.90893555,0.40112305,1584104592507,-7678657795826,0.016838625,7,1
1584104593135,NaN,-0.028018637,0.03100586,-0.9135742,0.39990234,1584104592587,-7678657795826,0.016838625,7,1
1584104593138,NaN,-0.02769038,0.043945312,-0.90893555,0.4013672,1584104592667,-7678657795826,0.016838625,7,1
1584104593141,NaN,-0.014618799,0.039794922,-0.9094238,0.39575195,1584104592747,-7678657795826,0.016838625,7,1
1584104593144,NaN,-0.0073921033,0.034179688,-0.9082031,0.39746094,1584104592827,-7678657795826,0.016838625,7,1
1584104595603,NaN,-0.0015417663,0.03857422,-0.90771484,0.39233398,1584104592907,4571696140575,0.016838625,7,1
1584104595611,NaN,0.01988873,0.03881836,-0.90893555,0.3930664,1584104592987,4571696140575,0.016838625,7,1
1584104595622,NaN,0.027584394,0.046142578,-0.9121094,0.3930664,1584104593067,4571696140575,0.016838625,7,1
1584104595626,NaN,0.030307472,0.04296875,-0.9055176,0.3930664,1584104593147,4571696140575,0.016838625,7,1
1584104595630,NaN,0.029421238,0.037109375,-0.91308594,0.39233398,1584104593227,4571696140575,0.016838625,7,1
1584104595635,NaN,0.03816901,0.045410156,-0.9074707,0.39086914,1584104593307,4571696140575,0.016838625,7,1
1584104595640,NaN,0.025961503,0.040039062,-0.9133301,0.39648438,1584104593387,4571696140575,0.016838625,7,1
1584104595646,NaN,0.027965112,0.044921875,-0.90722656,0.3955078,1584104593467,4571696140575,0.016838625,7,1
1584104595651,NaN,0.033845764,0.038330078,-0.9086914,0.39404297,1584104593547,4571696140575,0.016838625,7,1
1584104595654,NaN,0.04201929,0.03564453,-0.9116211,0.39575195,1584104593627,4571696140575,0.016838625,7,1
1584104595658,NaN,0.03443505,0.041503906,-0.91186523,0.40112305,1584104593707,4571696140575,0.016838625,7,1
1584104595664,NaN,0.032542374,0.040283203,-0.90527344,0.3942871,1584104593787,4571696140575,0.016838625,7,1
1584104595666,NaN,0.026238821,0.032958984,-0.9133301,0.3984375,1584104593867,4571696140575,0.016838625,7,1
1584104595670,NaN,0.0066163433,0.040039062,-0.9030762,0.40283203,1584104593947,4571696140575,0.016838625,7,1
1584104595673,28.846153,-0.00905765,0.041259766,-0.90527344,0.40576172,1584104594027,4571696140575,0.014988326,7,1
1584104595676,NaN,-0.025823092,0.03466797,-0.9055176,0.40893555,1584104594107,4571696140575,0.014988326,7,1
1584104595679,NaN,-0.03577671,0.041992188,-0.90405273,0.4038086,1584104594187,4571696140575,0.014988326,7,1
1584104595682,NaN,-0.059635524,0.028808594,-0.9008789,0.40551758,1584104594267,4571696140575,0.014988326,7,1
1584104595685,NaN,-0.06412915,0.03857422,-0.89868164,0.39990234,1584104594347,4571696140575,0.014988326,7,1
1584104595689,NaN,-0.07214583,0.036132812,-0.9030762,0.39575195,1584104594427,4571696140575,0.014988326,7,1
1584104595692,NaN,-0.08636581,0.026611328,-0.9116211,0.40576172,1584104594507,4571696140575,0.016244069,7,1
1584104595696,NaN,-0.10228794,0.030273438,-0.90844727,0.40649414,1584104594587,4571696140575,0.016244069,7,1
1584104595700,NaN,-0.102139704,0.038085938,-0.9038086,0.40039062,1584104594667,4571696140575,0.016244069,7,1
1584104595704,NaN,-0.11362394,0.036865234,-0.90283203,0.40576172,1584104594747,4571696140575,0.016244069,7,1
1584104595708,NaN,-0.11706019,0.03515625,-0.91186523,0.4086914,1584104594827,4571696140575,0.016244069,7,1
1584104595710,NaN,-0.109547436,0.036376953,-0.9013672,0.4025879,1584104594907,4571696140575,0.016244069,7,1
1584104595713,NaN,-0.09347206,0.04248047,-0.888916,0.39453125,1584104594987,4571696140575,0.016244069,7,1
1584104595716,NaN,-0.04753031,0.06274414,-0.8166504,0.3408203,1584104595067,4571696140575,0.09229194,7,1
1584104595721,NaN,0.01269984,0.08178711,-0.82128906,0.31982422,1584104595147,4571696140575,0.09229194,7,1
1584104595724,NaN,0.12877525,0.091552734,-0.82788086,0.27270508,1584104595227,4571696140575,0.09229194,7,1
1584104595727,NaN,0.3630397,0.2175293,-0.81469727,0.15917969,1584104595307,4571696140575,0.17009385,7,1
1584104595730,NaN,0.7495423,0.32641602,-1.0559082,0.09863281,1584104595387,4571696140575,0.27148658,7,1
1584104598187,NaN,1.258479,0.41015625,-1.0068359,-0.0087890625,1584104595467,-1624975471710,0.27148658,7,1
1584104598193,NaN,1.8114854,0.48950195,-1.0444336,-0.0078125,1584104595547,-1624975471710,0.27148658,7,1
1584104598197,NaN,2.3912601,0.49414062,-0.9836426,-0.08105469,1584104595627,-1624975471710,0.27148658,7,1
1584104598205,NaN,2.967904,0.48779297,-0.9572754,-0.072509766,1584104595707,-1624975471710,0.27148658,7,1
1584104598209,NaN,3.5605133,0.47070312,-0.8859863,-0.11328125,1584104595787,-1624975471710,0.27148658,7,1
1584104598213,NaN,4.128325,0.46069336,-0.89819336,-0.10424805,1584104595867,-1624975471710,0.27148658,7,1
1584104598217,NaN,4.668582,0.4663086,-0.87060547,-0.087646484,1584104595947,-1624975471710,0.27148658,7,1
1584104598221,NaN,5.10943,0.46801758,-0.89501953,-0.087890625,1584104596027,-1624975471710,0.27148658,7,1
1584104598226,NaN,5.491701,0.4633789,-0.8952637,-0.087646484,1584104596107,-1624975471710,0.27148658,7,1
1584104598230,NaN,5.7746177,0.4741211,-0.9091797,-0.08081055,1584104596187,-1624975471710,0.27148658,7,1
1584104598233,NaN,5.783032,0.49731445,-0.9433594,-0.072021484,1584104596267,-1624975471710,0.27148658,7,1
1584104598237,NaN,5.5833497,0.46557617,-0.94750977,-0.056396484,1584104596347,-1624975471710,0.27148658,7,1
1584104598240,NaN,5.118112,0.43579102,-0.9592285,-0.022949219,1584104596427,-1624975471710,0.27148658,7,1
1584104598244,NaN,4.5578704,0.4050293,-0.93603516,0.0087890625,1584104596507,-1624975471710,0.27148658,7,1
1584104598247,NaN,3.864501,0.38378906,-0.93066406,0.05053711,1584104596587,-1624975471710,0.27148658,7,1
1584104598250,NaN,3.143572,0.36767578,-0.9321289,0.09667969,1584104596667,-1624975471710,0.27148658,7,1
1584104598254,NaN,2.3288114,0.3244629,-0.91064453,0.13183594,1584104596747,-1624975471710,0.27148658,7,1
1584104598257,NaN,1.4944382,0.27294922,-0.9140625,0.17260742,1584104596827,-1624975471710,0.27148658,7,1
1584104598261,NaN,0.63841206,0.22827148,-0.91381836,0.20825195,1584104596907,-1624975471710,0.27148658,7,1
1584104598265,NaN,-0.17981839,0.20458984,-0.9016113,0.2446289,1584104596987,-1624975471710,0.27148658,7,1
1584104598269,NaN,-0.9992649,0.16088867,-0.9301758,0.26586914,1584104597067,-1624975471710,0.27148658,7,1
1584104598272,NaN,-1.7802286,0.14233398,-0.8886719,0.27368164,1584104597147,-1624975471710,0.27148658,7,1
1584104598275,NaN,-2.4550197,0.10888672,-0.91308594,0.28881836,1584104597227,-1624975471710,0.27148658,7,1
1584104598279,NaN,-3.0426807,0.11035156,-0.94506836,0.2680664,1584104597307,-1624975471710,0.27148658,7,1
1584104598282,NaN,-3.4755723,0.03173828,-0.91552734,0.2475586,1584104597387,-1624975471710,0.27148658,7,1
1584104598286,NaN,-3.9154394,-0.076171875,-0.9802246,0.28955078,1584104597467,-1624975471710,0.27148658,7,1
1584104598289,NaN,-4.2657404,-0.107910156,-0.9975586,0.33666992,1584104597547,-1624975471710,0.27148658,7,1
1584104598292,NaN,-4.5159154,-0.07519531,-0.967041,0.3269043,1584104597627,-1624975471710,0.27148658,7,1
1584104598294,NaN,-4.6255803,-0.056640625,-0.93408203,0.31396484,1584104597707,-1624975471710,0.27148658,7,1
1584104598297,NaN,-4.642424,-0.06958008,-0.9272461,0.3022461,1584104597787,-1624975471710,0.27148658,7,1
1584104598300,NaN,-4.596211,-0.0925293,-0.9658203,0.3395996,1584104597867,-1624975471710,0.27148658,7,1
1584104598303,NaN,-4.471737,-0.12182617,-0.9472656,0.28564453,1584104597947,-1624975471710,0.1447756,7,1
1584104600769,NaN,-4.2911696,-0.14379883,-0.9169922,0.28442383,1584104598027,-7821365609018,0.13264118,7,1
1584104600775,NaN,-4.09989,-0.12426758,-0.9199219,0.36035156,1584104598107,-7821365609018,0.13264118,7,1
1584104600780,NaN,-3.8700457,-0.12866211,-0.9152832,0.40698242,1584104598187,-7821365609018,0.13264118,7,1
1584104600784,NaN,-3.6738195,-0.06542969,-0.8520508,0.42626953,1584104598267,-7821365609018,0.13264118,7,1
1584104600789,NaN,-3.3367074,0.09057617,-0.89331055,0.44384766,1584104598347,-7821365609018,0.16232432,7,1
1584104600794,NaN,-2.809522,0.2331543,-0.86450195,0.47827148,1584104598427,-7821365609018,0.16232432,7,1
1584104600798,NaN,-2.236807,0.23852539,-0.86694336,0.4819336,1584104598507,-7821365609018,0.16232432,7,1
1584104600804,NaN,-1.8416883,0.06665039,-0.8088379,0.43579102,1584104598587,-7821365609018,0.18720683,7,1
1584104600808,NaN,-1.541098,-0.013916016,-0.8457031,0.39233398,1584104598667,-7821365609018,0.18720683,7,1
1584104600812,NaN,-1.1729871,-0.045410156,-1.0554199,0.23364258,1584104598747,-7821365609018,0.26486975,7,1
1584104600815,NaN,-0.91653496,-0.052001953,-1.0056152,0.41918945,1584104598827,-7821365609018,0.26486975,7,1
1584104600818,NaN,-0.6933866,-0.07763672,-0.9555664,0.33325195,1584104598907,-7821365609018,0.26486975,7,1
1584104600822,NaN,-0.50490123,-0.13867188,-0.9020996,0.31591797,1584104598987,-7821365609018,0.26486975,7,1
1584104600825,NaN,-0.3018511,-0.18554688,-0.8898926,0.29077148,1584104599067,-7821365609018,0.26486975,7,1
1584104600829,NaN,-0.09938184,-0.21826172,-0.9445801,0.33691406,1584104599147,-7821365609018,0.26486975,7,1
1584104600832,NaN,0.10367093,-0.057128906,-0.99487305,0.5090332,1584104599227,-7821365609018,0.26486975,7,1
1584104600836,NaN,0.17904793,-0.036621094,-0.89501953,0.2915039,1584104599307,-7821365609018,0.26486975,7,1
1584104600840,NaN,0.016635835,0.055419922,-0.8364258,0.44921875,1584104599387,-7821365609018,0.26486975,7,1
1584104600844,NaN,-0.14175837,0.1628418,-0.8137207,0.47387695,1584104599467,-7821365609018,0.26486975,7,1
1584104600847,NaN,-0.1386091,0.043945312,-0.88916016,0.46020508,1584104599547,-7821365609018,0.26486975,7,1
1584104600850,NaN,-0.14953725,-0.0087890625,-0.8461914,0.48583984,1584104599627,-7821365609018,0.26486975,7,1
1584104600854,NaN,-0.38525498,0.017822266,-0.8171387,0.45507812,1584104599707,-7821365609018,0.26486975,7,1
1584104600857,NaN,-0.48375306,-0.06225586,-0.8461914,0.5202637,1584104599787,-7821365609018,0.26486975,7,1
1584104600862,NaN,-0.60903996,-0.059326172,-0.82006836,0.49658203,1584104599867,-7821365609018,0.26486975,7,1
1584104600865,NaN,-0.6717904,-0.039794922,-0.8334961,0.5151367,1584104599947,-7821365609018,0.26486975,7,1
1584104600870,NaN,NaN,-0.001953125,-1.2038574,0.34423828,1584104600027,-7821365609018,0.40964106,7,1
1584104600873,NaN,NaN,2.4414062E-4,-0.76708984,0.33520508,1584104600107,-7821365609018,0.4368665,7,1
1584104600876,NaN,NaN,0.18383789,-1.0522461,0.29223633,1584104600187,-7821365609018,0.4368665,7,1
1584104600881,NaN,NaN,-0.029296875,-0.9291992,0.30078125,1584104600267,-7821365609018,0.4368665,7,1
1584104600885,NaN,NaN,0.115234375,-0.92700195,0.22998047,1584104600347,-7821365609018,0.4368665,7,1
1584104600888,NaN,NaN,0.1027832,-0.920166,0.21240234,1584104600427,-7821365609018,0.4368665,7,1
1584104600892,NaN,NaN,0.12158203,-0.9428711,0.07519531,1584104600507,-7821365609018,0.4368665,7,1
1584104603355,NaN,NaN,0.1418457,-0.88549805,-0.0053710938,1584104600587,4428988327382,0.4368665,7,1
1584104603362,NaN,NaN,0.28637695,-0.86694336,0.033935547,1584104600667,4428988327382,0.4368665,7,1
1584104603366,NaN,NaN,0.5847168,-0.8208008,0.1105957,1584104600747,4428988327382,0.4368665,7,1
1584104603370,NaN,NaN,0.7294922,-0.7409668,0.06274414,1584104600827,4428988327382,0.4368665,7,1
1584104603374,NaN,NaN,0.7692871,-0.69799805,0.045410156,1584104600907,4428988327382,0.4368665,7,1
1584104603381,NaN,NaN,0.7355957,-0.73461914,-0.059570312,1584104600987,4428988327382,0.4368665,7,1
1584104603387,NaN,NaN,0.80249023,-0.6677246,-0.14892578,1584104601067,4428988327382,0.4368665,7,1
1584104603393,NaN,NaN,0.9140625,-0.6726074,-0.16992188,1584104601147,4428988327382,0.4368665,7,1
1584104603396,NaN,NaN,0.8671875,-0.6020508,-0.22558594,1584104601227,4428988327382,0.4368665,7,1
1584104603399,NaN,NaN,0.90185547,-0.5695801,-0.25219727,1584104601307,4428988327382,0.4368665,7,1
1584104603403,NaN,NaN,0.8964844,-0.56347656,-0.2902832,1584104601387,4428988327382,0.4368665,7,1
1584104603408,NaN,NaN,0.92529297,-0.54345703,-0.28295898,1584104601467,4428988327382,0.4368665,7,1
1584104603414,NaN,NaN,0.8959961,-0.5427246,-0.2800293,1584104601547,4428988327382,0.4368665,7,1
1584104603419,NaN,NaN,0.80078125,-0.5686035,-0.28344727,1584104601627,4428988327382,0.4368665,7,1
1584104603424,NaN,NaN,0.81274414,-0.5551758,-0.30444336,1584104601707,4428988327382,0.4368665,7,1
1584104603427,NaN,NaN,0.78125,-0.5749512,-0.30932617,1584104601787,4428988327382,0.4368665,7,1
1584104603429,NaN,NaN,0.7651367,-0.62060547,-0.28808594,1584104601867,4428988327382,0.4368665,7,1
1584104603433,NaN,NaN,0.7583008,-0.6845703,-0.27490234,1584104601947,4428988327382,0.4368665,7,1
1584104603436,NaN,NaN,0.7375488,-0.74780273,-0.22949219,1584104602027,4428988327382,0.4368665,7,1
1584104603440,NaN,NaN,0.7307129,-0.76123047,-0.11254883,1584104602107,4428988327382,0.4368665,7,1
1584104603444,NaN,NaN,0.6879883,-0.83618164,-0.030273438,1584104602187,4428988327382,0.4368665,7,1
1584104603448,NaN,NaN,0.5842285,-0.8178711,0.08203125,1584104602267,4428988327382,0.4368665,7,1
1584104603451,NaN,NaN,0.5344238,-0.85180664,0.16235352,1584104602347,4428988327382,0.4368665,7,1
1584104603455,NaN,NaN,0.39941406,-0.90771484,0.2109375,1584104602427,4428988327382,0.4368665,7,1
1584104603458,NaN,NaN,0.28173828,-0.9326172,0.3161621,1584104602507,4428988327382,0.4368665,7,1
1584104603461,NaN,NaN,0.12084961,-0.8359375,0.29418945,1584104602587,4428988327382,0.4368665,7,1
1584104603464,NaN,NaN,-0.013427734,-0.9050293,0.2927246,1584104602667,4428988327382,0.34185827,7,1
1584104603467,NaN,NaN,-0.063964844,-0.8273926,0.42895508,1584104602747,4428988327382,0.31146842,7,1
1584104603471,NaN,NaN,-0.046875,-0.86376953,0.4584961,1584104602827,4428988327382,0.31146842,7,1
1584104603475,NaN,NaN,-0.02709961,-0.8022461,0.53100586,1584104602907,4428988327382,0.31146842,7,1
1584104603478,NaN,NaN,-0.036621094,-0.78564453,0.5283203,1584104602987,4428988327382,0.31146842,7,1
1584104603481,NaN,NaN,-0.06933594,-0.80200195,0.4934082,1584104603067,4428988327382,0.31146842,7,1
1584104605938,NaN,NaN,-0.06518555,-0.8017578,0.5673828,1584104603147,-1767683284902,0.31146842,7,1
1584104605943,NaN,NaN,-0.026611328,-0.8244629,0.56518555,1584104603227,-1767683284902,0.31146842,7,1
1584104605948,NaN,-0.76262593,-0.07128906,-0.8334961,0.5349121,1584104603307,-1767683284902,0.18898393,7,1
1584104605953,NaN,-0.8319934,-0.051757812,-0.8220215,0.55249023,1584104603387,-1767683284902,0.18898393,7,1
1584104605958,NaN,-0.8861737,-0.041503906,-0.8312988,0.5332031,1584104603467,-1767683284902,0.18898393,7,1
1584104605962,NaN,-1.07572,-0.050048828,-0.8312988,0.54785156,1584104603547,-1767683284902,0.18898393,7,1
1584104605966,NaN,-1.088133,-0.043701172,-0.83251953,0.5402832,1584104603627,-1767683284902,0.18898393,7,1
1584104605970,NaN,-1.1731206,-0.048828125,-0.83251953,0.5336914,1584104603707,-1767683284902,0.18898393,7,1
1584104605973,NaN,-1.2754445,-0.047607422,-0.83081055,0.5305176,1584104603787,-1767683284902,0.18898393,7,1
1584104605977,NaN,-1.2799522,-0.04248047,-0.8342285,0.54248047,1584104603867,-1767683284902,0.18898393,7,1
1584104605979,NaN,-1.2005043,-0.053955078,-0.8334961,0.53222656,1584104603947,-1767683284902,0.18898393,7,1
1584104605983,NaN,-1.1017631,-0.052490234,-0.8383789,0.5415039,1584104604027,-1767683284902,0.18898393,7,1
1584104605987,NaN,-0.9841814,-0.044921875,-0.84155273,0.53515625,1584104604107,-1767683284902,0.18898393,7,1
1584104605992,NaN,-0.89350873,-0.021728516,-0.84716797,0.5229492,1584104604187,-1767683284902,0.18898393,7,1
1584104605997,NaN,-0.76097304,-0.030761719,-0.8562012,0.5222168,1584104604267,-1767683284902,0.18898393,7,1
1584104606000,NaN,-0.6383207,-0.032958984,-0.8491211,0.50390625,1584104604347,-1767683284902,0.18898393,7,1
1584104606004,NaN,-0.5596406,-0.052001953,-0.8491211,0.5019531,1584104604427,-1767683284902,0.18898393,7,1
1584104606007,NaN,-0.33197767,-0.03564453,-0.8574219,0.4885254,1584104604507,-1767683284902,0.18898393,7,1
1584104606011,NaN,-0.1799473,-0.0048828125,-0.845459,0.5,1584104604587,-1767683284902,0.18898393,7,1
1584104606014,NaN,0.0068137296,-0.021484375,-0.8430176,0.47753906,1584104604667,-1767683284902,0.18898393,7,1
1584104606018,NaN,0.17377406,-0.03173828,-0.8515625,0.45361328,1584104604747,-1767683284902,0.18898393,7,1
1584104606021,NaN,0.33144203,0.02319336,-0.8798828,0.44604492,1584104604827,-1767683284902,0.18898393,7,1
1584104606025,NaN,0.52271074,0.08520508,-0.86621094,0.4716797,1584104604907,-1767683284902,0.18898393,7,1
1584104606028,NaN,0.70867985,0.14990234,-0.83447266,0.41625977,1584104604987,-1767683284902,0.18898393,7,1
1584104606031,NaN,0.90535945,0.11303711,-0.8989258,0.38110352,1584104605067,-1767683284902,0.18898393,7,1
1584104606034,NaN,1.0778929,0.20922852,-0.8498535,0.42333984,1584104605147,-1767683284902,0.16474283,7,1
1584104606037,NaN,1.3242968,0.27124023,-0.907959,0.34594727,1584104605227,-1767683284902,0.16474283,7,1
1584104606040,NaN,1.5548868,0.27148438,-0.85717773,0.3239746,1584104605307,-1767683284902,0.115951635,7,1
1584104606044,NaN,1.9249638,0.40551758,-0.97436523,0.32666016,1584104605387,-1767683284902,0.17805904,7,1
1584104606046,NaN,2.2414052,0.39038086,-0.8967285,0.28833008,1584104605467,-1767683284902,0.17805904,7,1
1584104606049,NaN,2.5685854,0.4309082,-0.91137695,0.30273438,1584104605547,-1767683284902,0.17805904,7,1
1584104606052,NaN,2.9570224,0.46484375,-0.88916016,0.21484375,1584104605627,-1767683284902,0.17805904,7,1
1584104608522,NaN,3.3288848,0.4794922,-0.9338379,0.22387695,1584104605707,-7964073422210,0.17805904,7,1
1584104608527,NaN,3.6369145,0.5239258,-0.92626953,0.22143555,1584104605787,-7964073422210,0.17805904,7,1
1584104608533,NaN,3.8858826,0.53149414,-0.8515625,0.2626953,1584104605867,-7964073422210,0.17805904,7,1
1584104608538,NaN,3.9526336,0.4963379,-0.8015137,0.31933594,1584104605947,-7964073422210,0.17805904,7,1
1584104608545,NaN,3.9334908,0.42260742,-0.8432617,0.3635254,1584104606027,-7964073422210,0.17805904,7,1
1584104608548,NaN,3.871975,0.38989258,-0.8100586,0.3786621,1584104606107,-7964073422210,0.17805904,7,1
1584104608553,NaN,3.601742,0.4116211,-0.8041992,0.4489746,1584104606187,-7964073422210,0.17805904,7,1
1584104608555,NaN,3.311731,0.40698242,-0.7788086,0.46142578,1584104606267,-7964073422210,0.17805904,7,1
1584104608560,NaN,2.7433603,0.26342773,-0.795166,0.51293945,1584104606347,-7964073422210,0.17805904,7,1
1584104608564,NaN,2.1366448,0.22851562,-0.9038086,0.5488281,1584104606427,-7964073422210,0.17805904,7,1
1584104608568,NaN,1.5567805,0.14013672,-0.8366699,0.3935547,1584104606507,-7964073422210,0.19086193,7,1
1584104608572,NaN,0.64547354,-0.075927734,-0.85009766,0.5175781,1584104606587,-7964073422210,0.24949141,7,1
1584104608575,NaN,-0.2091639,-0.12988281,-0.86083984,0.35473633,1584104606667,-7964073422210,0.24949141,7,1
1584104608578,NaN,-1.196031,-0.20776367,-0.88256836,0.4580078,1584104606747,-7964073422210,0.24949141,7,1
1584104608582,NaN,-2.1392233,-0.16723633,-0.80493164,0.5097656,1584104606827,-7964073422210,0.24949141,7,1
1584104608586,NaN,-2.8860433,-0.12573242,-0.8249512,0.53125,1584104606907,-7964073422210,0.24949141,7,1
1584104608591,NaN,-3.5271702,-0.1027832,-0.82373047,0.60791016,1584104606987,-7964073422210,0.24949141,7,1
1584104608596,NaN,-4.0326552,-0.11010742,-0.861084,0.53100586,1584104607067,-7964073422210,0.24949141,7,1
1584104608600,NaN,-4.3977203,-0.08129883,-0.8786621,0.56762695,1584104607147,-7964073422210,0.24949141,7,1
1584104608604,NaN,-4.6325297,-0.03149414,-0.86865234,0.46289062,1584104607227,-7964073422210,0.24949141,7,1
1584104608608,NaN,-4.5311055,0.13867188,-0.7375488,0.47753906,1584104607307,-7964073422210,0.24949141,7,1
1584104608613,NaN,-4.485114,0.01953125,-0.84106445,0.64086914,1584104607387,-7964073422210,0.24949141,7,1
1584104608617,NaN,-4.4635935,-0.012939453,-0.8261719,0.57714844,1584104607467,-7964073422210,0.24949141,7,1
1584104608621,NaN,-4.069852,-0.04638672,-0.70703125,0.623291,1584104607547,-7964073422210,0.24949141,7,1
1584104608625,NaN,-3.7065532,0.023925781,-0.7729492,0.6203613,1584104607627,-7964073422210,0.24949141,7,1
1584104608628,NaN,NaN,-0.03125,-1.0334473,0.42041016,1584104607707,-7964073422210,0.33299258,7,1
1584104608631,NaN,NaN,-0.0949707,-0.76586914,0.6477051,1584104607787,-7964073422210,0.35682118,7,1
1584104608635,NaN,NaN,-0.09448242,-0.8952637,0.23510742,1584104607867,-7964073422210,0.43241185,7,1
1584104608636,NaN,NaN,-0.12915039,-0.8432617,0.5786133,1584104607947,-7964073422210,0.43241185,7,1
1584104608639,NaN,NaN,-0.13598633,-0.82836914,0.44433594,1584104608027,-7964073422210,0.43241185,7,1
1584104608642,NaN,NaN,-0.1418457,-0.83935547,0.5102539,1584104608107,-7964073422210,0.43241185,7,1
1584104608644,NaN,NaN,-0.13427734,-0.81811523,0.5046387,1584104608187,-7964073422210,0.43241185,7,1
